,timestep,Clipper-Europa distance,velocity,acceleration
0,781804545.4607,678274823,30.178674602388625,3.544443859955638e-05
1,781804557.4607,678274443,30.178800481071672,3.544570477742864e-05
2,781804569.4607,678274064,30.178926095674587,3.544699011353055e-05
3,781804581.4607,678273684,30.179051446201314,3.544829460577813e-05
4,781804593.4607,678273305,30.179176532655816,3.5449618252056645e-05
5,781804605.4607,678272926,30.179301355042043,3.545096105022058e-05
6,781804617.4607,678272546,30.17942591336395,3.545232299809375e-05
7,781804629.4607,678272167,30.179550207625496,3.545370409346925e-05
8,781804641.4607,678271788,30.179674237830664,3.5455104334109506e-05
9,781804653.4607,678271409,30.179798003983393,3.545652371774628e-05
10,781804665.4607,678271030,30.17992150608767,3.545796224208069e-05
11,781804677.4607,678270651,30.180044743906166,3.5459287520209613e-05
12,781804689.4607,678270273,30.180167717201524,3.5460631934086916e-05
13,781804701.4607,678269894,30.180290425977656,3.5461995481536204e-05
14,781804713.4607,678269515,30.180412870238488,3.546337816035044e-05
15,781804725.4607,678269137,30.180535049987938,3.5464779968292e-05
16,781804737.4607,678268758,30.180656964970662,3.546608732657113e-05
17,781804749.4607,678268379,30.18077861493128,3.546741382837646e-05
18,781804761.4607,678268001,30.180899999873677,3.546875947156015e-05
19,781804773.4607,678267623,30.181021119801724,3.547012425394367e-05
20,781804785.4607,678267244,30.18114197471931,3.547150817331786e-05
21,781804797.4607,678266866,30.181262564394633,3.5472791738977095e-05
22,781804809.4607,678266488,30.181382888595838,3.547409444237823e-05
23,781804821.4607,678266110,30.181502947326766,3.547541628141295e-05
24,781804833.4607,678265732,30.18162274059125,3.547675725394235e-05
25,781804845.4607,678265354,30.181742268393144,3.5478117357796815e-05
26,781804857.4607,678264976,30.181861530535386,3.5479390676404506e-05
27,781804869.4607,678264598,30.181980526820865,3.548068312844317e-05
28,781804881.4607,678264220,30.182099257253395,3.548199471182197e-05
29,781804893.4607,678263842,30.18221772183679,3.5483325424419426e-05
30,781804905.4607,678263465,30.182335920574825,3.5484675264083434e-05
31,781804917.4607,678263087,30.182453853227283,3.5485925197519356e-05
32,781804929.4607,678262710,30.18257151955389,3.548719426495115e-05
33,781804941.4607,678262332,30.182688919558387,3.5488482464326136e-05
34,781804953.4607,678261955,30.18280605324455,3.5489789793560974e-05
35,781804965.4607,678261577,30.18292292061614,3.549111625054169e-05
36,781804977.4607,678261200,30.18303952146999,3.549235266252212e-05
37,781804989.4607,678260823,30.18315585560289,3.5493608203754043e-05
38,781805001.4607,678260446,30.183271923018584,3.5494882872207494e-05
39,781805013.4607,678260069,30.183387723720784,3.549617666582192e-05
40,781805025.4607,678259692,30.183503257713213,3.549748958250611e-05
41,781805037.4607,678259315,30.18361852474334,3.54986960290462e-05
42,781805049.4607,678258938,30.18373352455859,3.5499921607470074e-05
43,781805061.4607,678258561,30.183848257162644,3.550116631579629e-05
44,781805073.4607,678258184,30.18396272255917,3.5502430152012784e-05
45,781805085.4607,678257807,30.18407692075186,3.550371311407685e-05
46,781805097.4607,678257431,30.184190851592,3.550492411272535e-05
47,781805109.4607,678257054,30.18430451493084,3.550615423393003e-05
48,781805121.4607,678256678,30.18441791077203,3.5507403475703454e-05
49,781805133.4607,678256301,30.18453103911923,3.5508671836027545e-05
50,781805145.4607,678255925,30.184643899976077,3.5509959312853664e-05
51,781805157.4607,678255548,30.184756493048774,3.5511120566951685e-05
52,781805169.4607,678255172,30.18486881804348,3.5512300950123764e-05
53,781805181.4607,678254796,30.184980874963774,3.551350046046248e-05
54,781805193.4607,678254420,30.185092663813258,3.5514719096029785e-05
55,781805205.4607,678254044,30.18520418459553,3.551595685485696e-05
56,781805217.4607,678253668,30.185315437190702,3.551713584731872e-05
57,781805229.4607,678253292,30.185426421478866,3.5518333958824076e-05
58,781805241.4607,678252916,30.18553713746358,3.5519551187438326e-05
59,781805253.4607,678252540,30.18564758514843,3.552078753119615e-05
60,781805265.4607,678252164,30.185757764536973,3.552204298810165e-05
61,781805277.4607,678251789,30.18586767533737,3.552316556354592e-05
62,781805289.4607,678251413,30.18597731725773,3.552430726203373e-05
63,781805301.4607,678251037,30.186086690301558,3.552546808172139e-05
64,781805313.4607,678250662,30.186195794472358,3.5526648020734565e-05
65,781805325.4607,678250286,30.186304629773662,3.5527847077168304e-05
66,781805337.4607,678249911,30.186413196068827,3.552898752095285e-05
67,781805349.4607,678249536,30.18652149322119,3.553014708365807e-05
68,781805361.4607,678249161,30.186629521234245,3.553132576341211e-05
69,781805373.4607,678248785,30.18673728011148,3.553252355831254e-05
70,781805385.4607,678248410,30.186844769856386,3.553374046642631e-05
71,781805397.4607,678248035,30.18695199025798,3.553483722408797e-05
72,781805409.4607,678247660,30.18705894110524,3.553595309134025e-05
73,781805421.4607,678247285,30.187165622401597,3.553708806638301e-05
74,781805433.4607,678246910,30.187272034150492,3.553824214738555e-05
75,781805445.4607,678246536,30.187378176355356,3.5539415332486536e-05
76,781805457.4607,678246161,30.187484048743666,3.554049935185076e-05
77,781805469.4607,678245786,30.187589651042824,3.554160250032843e-05
78,781805481.4607,678245412,30.187694983256257,3.5542724776138424e-05
79,781805493.4607,678245037,30.18780004538734,3.554386617746892e-05
80,781805505.4607,678244662,30.187904837439486,3.554502670247748e-05
81,781805517.4607,678244288,30.18800935933805,3.55460992602079e-05
82,781805529.4607,678243914,30.188113611008358,3.554719091562413e-05
83,781805541.4607,678243539,30.188217592453753,3.554830166696679e-05
84,781805553.4607,678243165,30.188321303677604,3.554943151244589e-05
85,781805565.4607,678242791,30.18842474468327,3.5550580450240915e-05
86,781805577.4607,678242417,30.188527915178717,3.5551633860579834e-05
87,781805589.4607,678242043,30.188630814871875,3.555270639357946e-05
88,781805601.4607,678241669,30.18873344376607,3.555379804750922e-05
89,781805613.4607,678241295,30.188835801864617,3.555490882060785e-05
90,781805625.4607,678240921,30.188937889170827,3.555603871108353e-05
91,781805637.4607,678240547,30.18903970553731,3.555705946159767e-05
92,781805649.4607,678240174,30.189141250816608,3.555809931513083e-05
93,781805661.4607,678239800,30.18924252501201,3.555915827000711e-05
94,781805673.4607,678239426,30.189343528126763,3.5560236324520064e-05
95,781805685.4607,678239053,30.189444260164144,3.556133347693264e-05
96,781805697.4607,678238679,30.189544720934393,3.556235926234485e-05
97,781805709.4607,678238306,30.18964491024772,3.5563404158618713e-05
98,781805721.4607,678237933,30.18974482810736,3.5564468164069795e-05
99,781805733.4607,678237559,30.189844474516565,3.5565551276983036e-05
100,781805745.4607,678237186,30.189943849478556,3.556665349561279e-05
101,781805757.4607,678236813,30.19004295279904,3.5567637038855586e-05
102,781805769.4607,678236440,30.190141784283664,3.5568639684861093e-05
103,781805781.4607,678236067,30.190240343935617,3.556966143201393e-05
104,781805793.4607,678235694,30.190338631758074,3.5570702278668067e-05
105,781805805.4607,678235321,30.190436647754225,3.5571762223146933e-05
106,781805817.4607,678234948,30.190534391740357,3.557274228856331e-05
107,781805829.4607,678234575,30.19063186353272,3.557374145996254e-05
108,781805841.4607,678234203,30.190729063134455,3.557475973573475e-05
109,781805853.4607,678233830,30.190825990548724,3.557579711423948e-05
110,781805865.4607,678233457,30.190922645778663,3.557685359380569e-05
111,781805877.4607,678233085,30.191019028656985,3.557781816367926e-05
112,781805889.4607,678232712,30.191115139016365,3.5578801837099875e-05
113,781805901.4607,678232340,30.19121097685991,3.557980461248307e-05
114,781805913.4607,678231968,30.191306542190716,3.558082648821381e-05
115,781805925.4607,678231595,30.1914018350119,3.5581867462646437e-05
116,781805937.4607,678231223,30.191496855116824,3.558279496637606e-05
117,781805949.4607,678230851,30.191591602298804,3.558374157034563e-05
118,781805961.4607,678230479,30.191686076560906,3.558470727303089e-05
119,781805973.4607,678230107,30.191780277906176,3.558569207287696e-05
120,781805985.4607,678229735,30.191874206337665,3.5586695968298394e-05
121,781805997.4607,678229363,30.19196786172232,3.5587622726636624e-05
122,781806009.4607,678228991,30.19206124392705,3.5588568581331796e-05
123,781806021.4607,678228619,30.192154352954866,3.5589533530861365e-05
124,781806033.4607,678228248,30.192247188808793,3.55905175736722e-05
125,781806045.4607,678227876,30.19233975149185,3.559152070818062e-05
126,781806057.4607,678227505,30.192432040795396,3.559242408264744e-05
127,781806069.4607,678227133,30.192524056510745,3.5593346558394696e-05
128,781806081.4607,678226762,30.192615798640876,3.559428813393727e-05
129,781806093.4607,678226390,30.192707267188762,3.5595248807759484e-05
130,781806105.4607,678226019,30.192798462157366,3.559622857831504e-05
131,781806117.4607,678225648,30.19288938338832,3.5597109461242586e-05
132,781806129.4607,678225276,30.192980030723177,3.5598009439535166e-05
133,781806141.4607,678224905,30.193070404164878,3.5598928511744515e-05
134,781806153.4607,678224534,30.19316050371634,3.559986667639182e-05
135,781806165.4607,678224163,30.1932503293805,3.560082393196769e-05
136,781806177.4607,678223792,30.19333988098299,3.560168428223327e-05
137,781806189.4607,678223421,30.193429158349414,3.5602563727072715e-05
138,781806201.4607,678223051,30.193518161482654,3.560346226507105e-05
139,781806213.4607,678222680,30.193606890385595,3.5604379894782705e-05
140,781806225.4607,678222309,30.193695345061112,3.56053166147316e-05
141,781806237.4607,678221939,30.193783525382702,3.560618113849667e-05
142,781806249.4607,678221568,30.193871431223815,3.5607064753381456e-05
143,781806261.4607,678221197,30.1939590625873,3.560796745796473e-05
144,781806273.4607,678220827,30.194046419476006,3.5608889250794706e-05
145,781806285.4607,678220457,30.194133501892786,3.5609830130388994e-05
146,781806297.4607,678220086,30.19422030961813,3.561063922414083e-05
147,781806309.4607,678219716,30.19430684243248,3.56114674106898e-05
148,781806321.4607,678219346,30.194393100338612,3.561231468870388e-05
149,781806333.4607,678218976,30.19447908333933,3.561318105682043e-05
150,781806345.4607,678218606,30.194564791437415,3.561406651364627e-05
151,781806357.4607,678218236,30.194650224495092,3.561488166645742e-05
152,781806369.4607,678217866,30.194735382374564,3.561571591209769e-05
153,781806381.4607,678217496,30.194820265078594,3.561656924922544e-05
154,781806393.4607,678217126,30.194904872609925,3.5617441676468485e-05
155,781806405.4607,678216756,30.194989204971318,3.561833319242405e-05
156,781806417.4607,678216387,30.19507326202527,3.561912537589217e-05
157,781806429.4607,678216017,30.195157043634225,3.561993664407437e-05
158,781806441.4607,678215648,30.195240549800904,3.562076699566671e-05
159,781806453.4607,678215278,30.19532378052801,3.5621616429334657e-05
160,781806465.4607,678214909,30.195406735818246,3.562248494371314e-05
161,781806477.4607,678214539,30.19548941550041,3.562326009794661e-05
162,781806489.4607,678214170,30.19557181940325,3.562405434207419e-05
163,781806501.4607,678213801,30.195653947529426,3.562486767481909e-05
164,781806513.4607,678213432,30.195735799881607,3.562570009487392e-05
165,781806525.4607,678213062,30.195817376462458,3.562655160090075e-05
166,781806537.4607,678212693,30.195898677112453,3.5627302400150035e-05
167,781806549.4607,678212324,30.195979701672016,3.5628072285293506e-05
168,781806561.4607,678211956,30.196060450143776,3.5628861255093906e-05
169,781806573.4607,678211587,30.196140922530343,3.562966930828341e-05
170,781806585.4607,678211218,30.196221118834337,3.5630496443563697e-05
171,781806597.4607,678210849,30.196301038929974,3.563123099187467e-05
172,781806609.4607,678210480,30.196380682691427,3.563198462231129e-05
173,781806621.4607,678210112,30.196460050121274,3.563275733366281e-05
174,781806633.4607,678209743,30.19653914122209,3.563354912468792e-05
175,781806645.4607,678209375,30.196617955996434,3.5634359994114784e-05
176,781806657.4607,678209006,30.196696494251764,3.5635077856592504e-05
177,781806669.4607,678208638,30.196774755795467,3.563581481013912e-05
178,781806681.4607,678208270,30.196852740630067,3.563657085357024e-05
179,781806693.4607,678207902,30.196930448758117,3.563734598567091e-05
180,781806705.4607,678207533,30.197007880182113,3.5638140205195564e-05
181,781806717.4607,678207165,30.1970850348317,3.5638836928678e-05
182,781806729.4607,678206797,30.197161912636457,3.563955272331037e-05
183,781806741.4607,678206429,30.19723851359886,3.564028758794363e-05
184,781806753.4607,678206061,30.197314837721397,3.56410415213982e-05
185,781806765.4607,678205693,30.197390885006538,3.564181452246396e-05
186,781806777.4607,678205326,30.197466655209354,3.564249603821371e-05
187,781806789.4607,678204958,30.197542148084832,3.564319665128794e-05
188,781806801.4607,678204590,30.197617363635434,3.564391636056055e-05
189,781806813.4607,678204223,30.197692301863583,3.56446551648748e-05
190,781806825.4607,678203855,30.19776696277173,3.564541306304336e-05
191,781806837.4607,678203488,30.197841346358743,3.5646073206246624e-05
192,781806849.4607,678203120,30.197915452623462,3.564675240894006e-05
193,781806861.4607,678202753,30.19798928156827,3.564745067003422e-05
194,781806873.4607,678202386,30.198062833195564,3.5648167988409196e-05
195,781806885.4607,678202018,30.198136107507732,3.564890436291458e-05
196,781806897.4607,678201651,30.198209104233175,3.564954331309964e-05
197,781806909.4607,678201284,30.19828182310026,3.565020135670947e-05
198,781806921.4607,678200917,30.19835426411133,3.56508784926868e-05
199,781806933.4607,678200550,30.19842642726873,3.565157471994375e-05
200,781806945.4607,678200183,30.198498312574813,3.565229003736187e-05
201,781806957.4607,678199816,30.19856991997793,3.565291907763501e-05
202,781806969.4607,678199450,30.198641249426416,3.565356719017238e-05
203,781806981.4607,678199083,30.198712300922573,3.565423437393389e-05
204,781806993.4607,678198716,30.1987830744687,3.565492062784895e-05
205,781807005.4607,678198350,30.198853570067097,3.565562595081646e-05
206,781807017.4607,678197983,30.198923787559984,3.5656225672161634e-05
207,781807029.4607,678197617,30.19899372678954,3.565684446944791e-05
208,781807041.4607,678197250,30.199063387758002,3.5657482341682153e-05
209,781807053.4607,678196884,30.199132770467642,3.56581392878407e-05
210,781807065.4607,678196518,30.199201874920693,3.565881530686933e-05
211,781807077.4607,678196152,30.199270700976975,3.565940587988248e-05
212,781807089.4607,678195785,30.199339248496262,3.5660015533385295e-05
213,781807101.4607,678195419,30.19940751748077,3.566064426639919e-05
214,781807113.4607,678195053,30.199475507932704,3.5661292077915005e-05
215,781807125.4607,678194687,30.199543219854277,3.566195896689304e-05
216,781807137.4607,678194321,30.199610653157265,3.5662526816026273e-05
217,781807149.4607,678193956,30.199677807753417,3.566311373386101e-05
218,781807161.4607,678193590,30.19974468364489,3.566371971945578e-05
219,781807173.4607,678193224,30.199811280833853,3.5664344771838645e-05
220,781807185.4607,678192858,30.199877599322456,3.5664988890007115e-05
221,781807197.4607,678192493,30.199943638951744,3.566553077493293e-05
222,781807209.4607,678192127,30.200009399562735,3.56660917336209e-05
223,781807221.4607,678191762,30.200074881157533,3.5666671765171064e-05
224,781807233.4607,678191396,30.20014008373825,3.566727086865291e-05
225,781807245.4607,678191031,30.200205007306998,3.566788904310541e-05
226,781807257.4607,678190666,30.200269651754297,3.566842806475131e-05
227,781807269.4607,678190301,30.200334016970636,3.566898616333093e-05
228,781807281.4607,678189936,30.200398102958093,3.5669563337948846e-05
229,781807293.4607,678189570,30.20046190971873,3.567015958767904e-05
230,781807305.4607,678189205,30.200525437254626,3.567077491156498e-05
231,781807317.4607,678188840,30.20058868543582,3.567127654395175e-05
232,781807329.4607,678188476,30.200651654132322,3.567179724711469e-05
233,781807341.4607,678188111,30.200714343346128,3.5672337020218685e-05
234,781807353.4607,678187746,30.20077675307926,3.567289586239807e-05
235,781807365.4607,678187381,30.200838883333738,3.567347377275667e-05
236,781807377.4607,678187017,30.200900734009085,3.567397744790717e-05
237,781807389.4607,678186652,30.200962305004765,3.5674500196975085e-05
238,781807401.4607,678186288,30.201023596322784,3.567504201912194e-05
239,781807413.4607,678185923,30.201084607965107,3.5675602913478725e-05
240,781807425.4607,678185559,30.20114533993371,3.5676182879145884e-05
241,781807437.4607,678185194,30.20120579213656,3.5676655044951836e-05
242,781807449.4607,678184830,30.201265964481582,3.5677146274120126e-05
243,781807461.4607,678184466,30.20132585697069,3.5677656565863354e-05
244,781807473.4607,678184102,30.20138546960581,3.5678185919363556e-05
245,781807485.4607,678183738,30.201444802388874,3.5678734333772304e-05
246,781807497.4607,678183374,30.201503855179315,3.567918013331574e-05
247,781807509.4607,678183010,30.201562627836534,3.5679645001443384e-05
248,781807521.4607,678182646,30.2016211203624,3.568012893740992e-05
249,781807533.4607,678182282,30.20167933275879,3.5680631940439475e-05
250,781807545.4607,678181918,30.201737265027578,3.56811540097257e-05
251,781807557.4607,678181555,30.201794917071535,3.568159805051861e-05
252,781807569.4607,678181191,30.201852288793404,3.568206116060092e-05
253,781807581.4607,678180827,30.201909380195026,3.5682543339230157e-05
254,781807593.4607,678180464,30.20196619127823,3.5683044585633305e-05
255,781807605.4607,678180100,30.202022722044855,3.568356489900684e-05
256,781807617.4607,678179737,30.202078972383916,3.568398510657047e-05
257,781807629.4607,678179374,30.202134942184404,3.568442438325933e-05
258,781807641.4607,678179010,30.202190631448097,3.568488272836917e-05
259,781807653.4607,678178647,30.20224604017678,3.5685360141165284e-05
260,781807665.4607,678178284,30.20230116837224,3.568585662088236e-05
261,781807677.4607,678177921,30.20235601593598,3.568625420851198e-05
262,781807689.4607,678177558,30.20241058276944,3.5686670862155965e-05
263,781807701.4607,678177195,30.20246486887437,3.568710658114652e-05
264,781807713.4607,678176832,30.202518874252497,3.568756136478534e-05
265,781807725.4607,678176469,30.20257259890556,3.568803521234356e-05
266,781807737.4607,678176107,30.202626042733186,3.5688412155001075e-05
267,781807749.4607,678175744,30.20267920563493,3.5688808163945393e-05
268,781807761.4607,678175381,30.2027320876125,3.5689223238541846e-05
269,782326161.4607,665137914,36.118692334850564,6.007303190262323e-06
270,782844561.4607,651606695,36.140537464140714,-6.030306987892788e-06
271,783362961.4607,638254108,36.045704677038735,-5.986445409403142e-06
272,783881361.4607,627923567,35.83266812166294,-5.885022908556855e-06
273,784399761.4607,618503270,35.50974259655728,-5.733094741140882e-06
274,784918161.4607,609026284,35.089595213681385,-5.5400863960642575e-06
275,785436561.4607,602554615,34.587471582546,-5.316535334601144e-06
276,785954961.4607,597981579,34.01960026192629,-5.072937012872927e-06
277,786473361.4607,593069235,33.40189294023853,-4.81881079100352e-06
278,786991761.4607,590429974,32.74901520171362,-4.562140368016636e-06
279,787510161.4607,590270347,32.07383521061529,-4.309170986689958e-06
280,788028561.4607,589619555,31.38718628064778,-4.064496463002434e-06
281,788546961.4607,590093506,30.697892178696122,-3.831087728627243e-06
282,789065361.4607,593228400,30.012883785052768,-3.6109038098965253e-06
283,789583761.4607,596006659,29.337461175244325,-3.4048323097584034e-06
284,790102161.4607,598730175,28.675541744208886,-3.2131092279379085e-06
285,790620561.4607,603930887,28.029914345472957,-3.035493442572722e-06
286,791138961.4607,609196066,27.402462811331002,-2.8715291189648962e-06
287,791657361.4607,613478707,26.79181334384865,-2.719872212161045e-06
288,792175761.4607,619726976,26.203674455035785,-2.580849989662959e-06
289,792694161.4607,626626966,25.63580723348616,-2.4525638181237797e-06
290,793212561.4607,632012357,25.088180848668824,-2.334223668735523e-06
291,793730961.4607,638600825,24.557621592470486,-2.2150252214560627e-06
292,794249361.4607,646139451,22.533916403417173,-2.2369907472328044e-06
293,794767761.4607,651609685,22.029572905885757,-2.040111272241713e-06
294,795286161.4607,657395927,21.547015728316353,-1.9555723726537948e-06
295,795804561.4607,664862527,21.084724568122926,-1.8805804751984732e-06
296,796322961.4607,670968502,20.643555549579617,-1.8118821789118955e-06
297,796841361.4607,676526474,20.22244972629242,-1.748839768183163e-06
298,797359761.4607,683933626,19.820436443850863,-1.6908867365352244e-06
299,797878161.4607,690529941,19.436625946738186,-1.6375320235736054e-06
300,798396561.4607,695863767,19.070203961898297,-1.588345150502683e-06
301,798914961.4607,702894501,18.72042660345705,-1.5429468344249051e-06
302,799433361.4607,709827514,18.386615458256525,-1.501001843652717e-06
303,799951761.4607,715030018,18.068152903723092,-1.462213948646657e-06
304,800470161.4607,721479588,17.76447752320509,-1.4263128733914042e-06
305,800988561.4607,728571832,17.475079641193034,-1.393080854821137e-06
306,801506961.4607,733765114,17.19949814776787,-1.3622963908767766e-06
307,802025361.4607,739545121,16.937314031382375,-1.3337778728866858e-06
308,802543761.4607,746594503,16.68814783906473,-1.3073541247457066e-06
309,803062161.4607,751889817,16.45165873192145,-1.2828727490872433e-06
310,803580561.4607,757019457,16.227542019902266,-1.2602014627395085e-06
311,804098961.4607,763812758,16.015524782012328,-1.2392219885029274e-06
312,804617361.4607,769283959,15.8153626234713,-1.2198272007607715e-06
313,805135761.4607,773865397,15.626837360129098,-1.2019203976593502e-06
314,805654161.4607,780205526,15.449754925993364,-1.1854145615201944e-06
315,806172561.4607,785870979,15.283943391003222,-1.1702286902254144e-06
316,806690961.4607,790059709,15.129196046685035,-1.156506225093001e-06
317,807209361.4607,795795850,14.985484438325425,-1.143559854926395e-06
318,807727761.4607,801609804,14.852643039936462,-1.131951954784127e-06
319,808246161.4607,805582836,14.730569661576338,-1.1214274536140692e-06
320,808764561.4607,810633930,14.619176903809642,-1.1119427383662167e-06
321,809282961.4607,816487110,14.518389531391218,-1.1034606453339654e-06
322,809801361.4607,820417088,14.428141904883855,-1.0959465673000983e-06
323,810319761.4607,824779926,14.348376695917523,-1.0893653106220481e-06
324,810838161.4607,830515845,14.279046352727267,-1.0836879849736846e-06
325,811356561.4607,834547994,14.220112835013177,-1.0788934923484891e-06
326,811874961.4607,838289746,14.171545573403803,-1.0749644291641346e-06
327,812393361.4607,843734504,14.133320194739651,-1.0718860362959427e-06
328,812911761.4607,847962660,14.10541794589564,-1.069646491165662e-06
329,813430161.4607,851207318,14.087825337166535,-1.0682370871635425e-06
330,813948561.4607,856202267,14.08053388082861,-1.0676522558373993e-06
331,814466961.4607,860652606,14.083539927735472,1.0678895392629682e-06
332,814985361.4607,863562859,14.096844626071197,1.0689495732531883e-06
333,815503761.4607,867991952,14.120454037177867,1.0708361574377743e-06
334,816022161.4607,872616167,14.154379458454622,1.0735566241199792e-06
335,816540561.4607,875373095,14.198637913424994,1.0771228269760088e-06
336,817058961.4607,879177178,14.253252227181562,1.0815514333140822e-06
337,817577361.4607,883863056,14.318249952546818,1.0868594828615298e-06
338,818095761.4607,886642439,14.393663655703902,1.0930630644118478e-06
339,818614161.4607,889823362,14.479534093908425,1.1001850356150765e-06
340,819132561.4607,894419953,14.575911853511759,1.1082553648534428e-06
341,819650961.4607,897362466,14.682857435940486,1.1173081698136852e-06
342,820169361.4607,899982393,14.80044183351545,1.1273814840593253e-06
343,820687761.4607,904327070,14.928747644741,1.1385179229873075e-06
344,821206161.4607,907513997,15.067870413869672,1.1507652941172208e-06
345,821724561.4607,909688461,15.217920086849833,1.1641771361175147e-06
346,822242961.4607,913632553,15.379022571837659,1.1788132661813293e-06
347,822761361.4607,917072136,15.551321425004703,1.194740388404557e-06
348,823279761.4607,918956321,15.73497971225674,1.2120328598806134e-06
349,823798161.4607,922382157,15.93018214717059,1.2307739308713623e-06
350,824316561.4607,926011239,16.137137527227388,1.2510578957687908e-06
351,824834961.4607,927776408,16.356080711018528,1.2729910208224264e-06
352,825353361.4607,930608994,16.587273101715397,1.296687230771255e-06
353,825871761.4607,934308952,16.831004601575085,1.3222697439794535e-06
354,826390161.4607,936110271,17.087598567462415,1.3498797595699678e-06
355,826908561.4607,938327685,17.357415543135296,1.3796774400075625e-06
356,827426961.4607,941941444,17.64085579017876,1.4118416004284927e-06
357,827945361.4607,943887851,17.938361889820992,1.4466364509581013e-06
358,828463761.4607,945523125,18.250417672443255,1.4840907889336626e-06
359,828982161.4607,948872669,18.577573973627132,1.5246507881585597e-06
360,829500561.4607,951005857,18.92041800184801,1.5685322430599319e-06
361,830018961.4607,952139060,19.27960163033814,1.6160530908621607e-06
362,830537361.4607,955039908,19.655839917111106,1.6675716172872335e-06
363,831055761.4607,957324928,20.049915944991874,1.7234929553713819e-06
364,831574161.4607,958059371,20.46268593541037,1.7842766135148524e-06
365,832092561.4607,960332535,20.895084590503178,1.8504462245192834e-06
366,832610961.4607,962656805,21.348129452693183,1.9225985897030203e-06
367,833129361.4607,963082675,21.82292255473564,2.001408434569186e-06
368,833647761.4607,964566647,22.320652191474,2.087642270574445e-06
369,834166161.4607,966737211,22.84259548346386,2.1821788843590307e-06
370,834684561.4607,966892622,23.390116814914233,2.2860246373089215e-06
371,835202961.4607,967441896,23.964660646699244,2.4003297236051793e-06
372,835721361.4607,969179890,24.56773778607238,2.5264072828568814e-06
373,836239761.4607,969010275,25.20090221368258,2.665753471271151e-06
374,836758161.4607,968475027,25.865714029612803,2.820066610711149e-06
375,837276561.4607,969404050,26.56368244226039,2.9912627401807886e-06
376,837794961.4607,968720320,27.296180523697775,3.1814829845784655e-06
377,838313361.4607,966899537,28.0643205144304,3.393085171055887e-06
378,838831761.4607,966523795,28.86877280597815,3.628508686012087e-06
379,839350161.4607,964951300,29.70945133401071,3.890691935671925e-06
380,839868561.4607,961518322,30.585442609988203,4.181919662629494e-06
381,840386961.4607,959190494,31.49409262160989,4.504559648482745e-06
382,840905361.4607,956107567,32.43068506535229,4.8601249615927745e-06
383,841423761.4607,950533335,33.38757575363493,5.248728060770771e-06
384,841942161.4607,945425463,34.35326127418156,5.668166826395624e-06
385,842460561.4607,939938571,35.31138128928615,6.112731085726006e-06
386,842978961.4607,931484753,36.239843070093194,6.5718338720804185e-06
387,843497361.4607,922669364,37.110408406434544,7.028767180472651e-06
388,844015761.4607,913788677,37.88923407999006,7.460192679393621e-06
389,844534161.4607,901796277,38.53889768066717,7.836963594605889e-06
390,845052561.4607,888704921,39.02221818148552,8.127528248641232e-06
391,845570961.4607,875995966,39.307589517467626,8.303247081970215e-06
392,846089361.4607,860670180,39.37463543011305,-8.34487473909539e-06
393,846607761.4607,843947819,39.21838519350076,-8.247609566585023e-06
394,847126161.4607,828341340,38.85035857019891,-8.022423978867977e-06
395,847644561.4607,811282368,38.29611506884154,-7.692997765019044e-06
396,848162961.4607,792906731,37.59028942308571,-7.2896199113392456e-06
397,848681361.4607,776313008,36.771031313607466,-6.841983010475722e-06
398,849199761.4607,759601147,35.8830827698261,-6.076469179236631e-06
399,849718161.4607,740881100,38.82858320959099,-5.848589295580689e-06
400,850236561.4607,722904211,38.091156747381,-5.609258206621439e-06
401,850754961.4607,705945199,37.27986155431028,-5.216599552145927e-06
402,851273361.4607,687810023,36.413960132554486,-4.823632869074113e-06
403,851791761.4607,671315639,35.520147809639724,-4.443554335459296e-06
404,852310161.4607,656703836,34.619568564497584,-4.0854228085464985e-06
405,852828561.4607,641076651,33.727848135879626,-3.7541651660854813e-06
406,853346961.4607,626375858,32.85588781149916,-3.4516403977778147e-06
407,853865361.4607,614031411,32.010833012976995,-3.1776764977738276e-06
408,854383761.4607,601019751,31.196989382564617,-2.9308825356776624e-06
409,854902161.4607,588059077,30.416596149828298,-2.709221611778127e-06
410,855420561.4607,577560719,29.670438072101234,-2.510385698572633e-06
411,855938961.4607,566965608,28.958310850769912,-2.3320318595544728e-06
412,856457361.4607,555629801,28.279362164875273,-2.171921853460488e-06
413,856975761.4607,546504310,27.632333713656667,-2.0279875427476114e-06
414,857494161.4607,537986664,27.015731976437944,-1.898357213662719e-06
415,858012561.4607,528204453,26.427946970198594,-1.7813615063712993e-06
416,858530961.4607,520055538,25.86733260269324,-1.6755257677332996e-06
417,859049361.4607,513208501,25.332259578347394,-1.5795550542576184e-06
418,859567761.4607,504946829,24.82114910481035,-1.49231619072903e-06
419,860086161.4607,497504493,24.332493308665693,-1.4128193683405756e-06
420,860604561.4607,491900814,23.86486653658553,-1.3402005949688712e-06
421,861122961.4607,485117012,23.416930471899644,-1.2737056801326587e-06
422,861641361.4607,478251674,22.98743505907502,-1.2126761366850225e-06
423,862159761.4607,473481052,22.575216438660288,-1.1565368675255794e-06
424,862678161.4607,468078284,22.179192727667534,-1.104783536102776e-06
425,863196561.4607,461786345,21.798359806693266,-1.0569688802274307e-06
426,863714961.4607,457490425,21.431788983221995,-1.0126981977531603e-06
427,864233361.4607,453297536,21.078622528884605,-9.716280248420026e-07
428,864751761.4607,447662044,20.738066729365773,-9.334561366424977e-07
429,865270161.4607,443566939,20.409386301188125,-8.97913851323048e-07
430,865788561.4607,440342648,20.09190000444976,-8.647619980316752e-07
431,866306961.4607,435476588,19.784976538510946,-8.337875561034126e-07
432,866825361.4607,431417874,19.48803060316652,-8.048005016395856e-07
433,867343761.4607,428874031,19.200519196503706,-7.776309779677311e-07
434,867862161.4607,424862730,18.921938191914364,-7.521268305972209e-07
435,868380561.4607,420799685,18.65181920349194,-7.281515106095071e-07
436,868898961.4607,418631280,18.389726714951617,-7.055824063284182e-07
437,869417361.4607,415492641,18.13525534800204,-6.843097645732169e-07
438,869935761.4607,411496358,17.88802691478143,-6.642358096328261e-07
439,870454161.4607,409417081,17.647687192787956,-6.452711190030389e-07
440,870972561.4607,407085426,17.413904520625408,-6.27329540088088e-07
441,871490961.4607,403301562,17.18637063463345,-6.103331111717442e-07
442,872009361.4607,401085018,16.964798854575914,-5.942153224799521e-07
443,872527761.4607,399412887,16.74892075886776,-5.789162399085792e-07
444,873046161.4607,396010738,16.538484333070688,-5.64380283381461e-07
445,873564561.4607,393524671,16.33325290766138,-5.505561364958378e-07
446,874082961.4607,392298893,16.13300417971267,-5.373966450309625e-07
447,874601361.4607,389421054,15.937529237697285,-5.2485852156237e-07
448,875119761.4607,386646978,15.746631632267018,-5.129019929907258e-07
449,875638161.4607,385614683,15.560126521800624,-5.014904684447909e-07
450,876156561.4607,383342894,15.377839903331935,-4.905902912070794e-07
451,876674961.4607,380368056,15.199607903473515,-4.801707259694623e-07
452,877193361.4607,379273317,15.025275961389555,-4.7020442514991003e-07
453,877711761.4607,377610128,14.85469746206501,-4.6066752075012593e-07
454,878230161.4607,374593513,14.687732121426082,-4.5153569978937223e-07
455,878748561.4607,373223655,14.524246775066501,-4.427813940796262e-07
456,879266961.4607,372085830,14.364117352348117,-4.3438116786467495e-07
457,879785361.4607,369215483,14.207227580571038,-4.263169804938465e-07
458,880303761.4607,367440915,14.05346706247921,-4.185720972643356e-07
459,880822161.4607,366666290,13.902730664985482,-4.1113015135973026e-07
460,881340561.4607,364116195,13.754918359546096,-4.039754766018309e-07
461,881858961.4607,361911616,13.6099350443717,-3.970932980740111e-07
462,882377361.4607,361280538,13.467690320184063,-3.9046974511286476e-07
463,882895761.4607,359177827,13.328098259184946,-3.8409179657030596e-07
464,883414161.4607,356618265,13.191077196612673,-3.7794722290906175e-07
465,883932561.4607,355891529,13.056549559498865,-3.7202460874088686e-07
466,884450961.4607,354292641,12.924441696160278,-3.6631367319291063e-07
467,884969361.4607,351526322,12.794683459395614,-3.608061119571512e-07
468,885487761.4607,350493458,12.667207037154974,-3.5549522410318673e-07
469,886006161.4607,349367096,12.541945951452691,-3.5037088618392576e-07
470,886524561.4607,346582250,12.41883696573766,-3.454196633082471e-07
471,887042961.4607,345103076,12.297821810296101,-3.4063252806712695e-07
472,887561361.4607,344329018,12.178845724315128,-3.3600363792535475e-07
473,888079761.4607,341718127,12.061856185995508,-3.315270942655992e-07
474,888598161.4607,339745075,11.946802721374235,-3.271966545066711e-07
475,889116561.4607,339132083,11.83363696445289,-3.2300609731765706e-07
476,889634961.4607,336857481,11.722312673888059,-3.189494106010251e-07
477,890153361.4607,334436609,11.61278570405174,-3.1502084148760506e-07
478,890671761.4607,333760226,11.50501396445489,-3.112148934779516e-07
479,891190161.4607,331923392,11.398957394984306,-3.0752632924897705e-07
480,891708561.4607,329177948,11.294577970425648,-3.03950292689337e-07
481,892226961.4607,328227899,11.191839670249443,-3.004828470191157e-07
482,892745361.4607,326842897,11.09070804941845,-2.9712196510102634e-07
483,893263761.4607,323950075,10.991148931795268,-2.9386600762570095e-07
484,893782161.4607,322569649,10.893127983607028,-2.9070827224194333e-07
485,894300561.4607,321555904,10.796613255251186,-2.876406206354849e-07
486,894818961.4607,318717192,10.701576157815213,-2.8465961327576823e-07
487,895337361.4607,316827519,10.607989897650935,-2.8176357331189584e-07
488,895855761.4607,316025052,10.515828619025129,-2.7895035064624754e-07
489,896374161.4607,313429048,10.425067358692807,-2.7621738053747173e-07
490,896892561.4607,311037488,10.33568213272047,-2.735619951366425e-07
491,897410961.4607,310240873,10.247649980129543,-2.7098156311250706e-07
492,897929361.4607,308025911,10.160948973536703,-2.6847352431478946e-07
493,898447761.4607,305221643,10.075558227113351,-2.6603538613205107e-07
494,898966161.4607,304223363,9.991457929529892,-2.636647444293838e-07
495,899484561.4607,302444815,9.908629413445349,-2.613594908753079e-07
496,900002961.4607,299385591,9.827055150321435,-2.5911858064167557e-07
497,900521361.4607,298011660,9.746718156836424,-2.5694290599617186e-07
498,901039761.4607,296629644,9.667600542716091,-2.5483211885840565e-07
499,901558161.4607,293516459,9.589683831673554,-2.52780212413817e-07
500,902076561.4607,291653040,9.51295170478195,-2.50782614436568e-07
501,902594961.4607,290544435,9.437394007540417,-2.48823265585474e-07
502,903113361.4607,287582676,9.362990224978848,-2.469444272696227e-07
503,903631761.4607,285193785,9.289731119127543,-2.4510387569102347e-07
504,904150161.4607,284179218,9.217604422098225,-2.4331401563913674e-07
505,904668561.4607,281535970,9.14659821489083,-2.415734855391825e-07
506,905186961.4607,278670736,9.076701097903795,-2.398808693857283e-07
507,905705361.4607,277550440,9.007902228876935,-2.3823472486499412e-07
508,906223761.4607,275318955,8.940191368501765,-2.3663357966740657e-07
509,906742161.4607,272108281,8.873558963515812,-2.350759826688837e-07
510,907260561.4607,270693940,8.807996273887653,-2.3356084214804806e-07
511,907778961.4607,268877565,8.743495357205516,-2.3208845237266793e-07
512,908297361.4607,265511882,8.68004823062649,-2.3066081611600815e-07
513,908815761.4607,263655555,8.61764541052134,-2.2927675839967611e-07
514,909334161.4607,262174053,8.55627707965048,-2.2793022753878993e-07
515,909852561.4607,258864337,8.495935625038193,-2.266181180614559e-07
516,910370961.4607,256486371,8.43661517235517,-2.2534055161410727e-07
517,910889361.4607,255193650,8.378310364670183,-2.2409767288481014e-07
518,911407761.4607,252127258,8.321016032526284,-2.2288904736103264e-07
519,911926161.4607,249234271,8.264727244637893,-2.217139355419614e-07
520,912444561.4607,247944251,8.209439387211505,-2.205714900310636e-07
521,912962961.4607,245248526,8.155148214417727,-2.194608291479275e-07
522,913481361.4607,241937977,8.101849886057014,-2.1838104870791937e-07
523,913999761.4607,240453144,8.049541021008048,-2.1733122244335395e-07
524,914518161.4607,238176587,7.998218801633235,-2.1631049648522265e-07
525,915036561.4607,234618117,7.947881126091613,-2.1531861302227474e-07
526,915554961.4607,232761444,7.898526506778062,-2.1435713869810043e-07
527,916073361.4607,230871428,7.850152894542758,-2.1342861696044633e-07
528,916591761.4607,227269509,7.802756389303608,-2.1253067099165766e-07
529,917110161.4607,224921229,7.756333144302316,-2.1165805717386108e-07
530,917628561.4607,223310648,7.710881341645354,-2.1080957480521102e-07
531,918146961.4607,219863792,7.66640031991417,-2.099861000993995e-07
532,918665361.4607,216988235,7.622889602124013,-2.091881738789772e-07
533,919183761.4607,215491280,7.580348678819923,-2.0841583368134685e-07
534,919702161.4607,212356297,7.538777042853205,-2.0766886970828604e-07
535,920220561.4607,209011641,7.498174239143651,-2.069469673908456e-07
536,920738961.4607,207429233,7.4585398966535355,-2.0624975153116966e-07
537,921257361.4607,204698768,7.4198737591439885,-2.0557678424426146e-07
538,921775761.4607,201023881,7.3821757445660205,-2.0492769039410535e-07
539,922294161.4607,199158705,7.345441570490872,-2.0462910831654828e-07
540,922812561.4607,196851694,7.321710062371752,-1.743861852586836e-07
541,923330961.4607,193042293,7.28738997128259,-2.03117029859827e-07
542,923849361.4607,190749974,7.25386064942352,-2.0258656219275213e-07
543,924367761.4607,188806110,7.221296128495111,-2.0206847680941162e-07
544,924886161.4607,185053527,7.189694345467881,-2.0157105720318417e-07
545,925404561.4607,182249047,7.159054754595143,-2.0109428573325497e-07
546,925922961.4607,180523019,7.129377381738633,-2.0063918785507057e-07
547,926441361.4607,177007267,7.100662091472764,-2.002062944430297e-07
548,926959761.4607,173705165,7.072908441662726,-1.9979571151362747e-07
549,927478161.4607,172005934,7.046115705971192,-1.9940734087008166e-07
550,927996561.4607,168859886,7.020282906051338,-1.990409873712692e-07
551,928514961.4607,165158809,6.995408833993006,-1.9869638811146032e-07
552,929033361.4607,163280056,6.971492082179902,-1.9837320854975986e-07
553,929551761.4607,160568199,6.948531117976517,-1.980710697834064e-07
554,930070161.4607,156627122,6.926524458479096,-1.97789845385155e-07
555,930588561.4607,154391266,6.9054708855222335,-1.9753075076084532e-07
556,931106961.4607,152093004,6.885369003117009,-1.9729718369233982e-07
557,931625361.4607,148104163,6.866215397440431,-1.9709016003182146e-07
558,932143761.4607,145397588,6.848004359276879,-1.9690522964334996e-07
559,932662161.4607,143407036,6.830730465475052,-1.9673996638815847e-07
560,933180561.4607,139566095,6.8143892013072875,-1.9659538853311552e-07
561,933698961.4607,136357000,6.7989759312107205,-1.964729362848435e-07
562,934217361.4607,134501740,6.7844852997856195,-1.9637364030487574e-07
563,934735761.4607,130975247,6.770911058197122,-1.9629829648022363e-07
564,935254161.4607,127314922,6.758245993210066,-1.9624764989440225e-07
565,935772561.4607,125391539,6.746481850884277,-1.9622247815698137e-07
566,936290961.4607,122286878,6.735609241731255,-1.9622361482508815e-07
567,936809361.4607,118297802,6.725617544667807,-1.9625195094018146e-07
568,937327761.4607,116114525,6.716494855269093,-1.963085100046529e-07
569,937846161.4607,113454375,6.7082280464658215,-1.9639494505678114e-07
570,938364561.4607,109311618,6.700802809145972,-1.9651495887915637e-07
571,938882961.4607,106722029,6.694202683787966,-1.966742011271896e-07
572,939401361.4607,104438247,6.688406749042424,-1.9687431651585747e-07
573,939919761.4607,100342704,6.683389730149687,-1.9711344516085524e-07
574,940438161.4607,97267950,6.679124060498975,-1.9739357750045507e-07
575,940956561.4607,95217236,6.675579511804165,-1.9771972498252183e-07
576,941474961.4607,91358767,6.672721687296185,-1.980976268790172e-07
577,941993361.4607,87798400,6.670510828352109,-1.9853357340352476e-07
578,942511761.4607,85792268,6.668900752425211,-1.9903484868433582e-07
579,943030161.4607,82312150,6.667837635075484,-1.9961020772479877e-07
580,943548561.4607,78344297,6.667258493567363,-2.0027038583432348e-07
581,944066961.4607,76186414,6.667089272436183,2.0102872046218645e-07
582,944585361.4607,73146570,6.667242426880151,2.0190199118748264e-07
583,945103761.4607,68918284,6.6676138911762965,2.0291171552658898e-07
584,945622161.4607,66435060,6.6680792734511165,2.0408654744370195e-07
585,946140561.4607,63806860,6.668488670499339,2.0546633355231785e-07
586,946658961.4607,59509073,6.6686582912882955,-2.0710421450732613e-07
587,947177361.4607,56574407,6.668358548147815,-2.0906582618375435e-07
588,947695761.4607,54249577,6.667301535241678,-2.114410555479996e-07
589,948214161.4607,50076643,6.665123878498279,-2.1436239375402764e-07
590,948732561.4607,46631762,6.661358771346568,-2.1802366507887105e-07
591,949250961.4607,44443491,6.655394238299374,-2.2271262235901046e-07
592,949769361.4607,40547636,6.646410519399873,-2.2886935332001097e-07
593,950287761.4607,36608945,6.6332821594281,-2.371900084973705e-07
594,950806161.4607,34357763,6.614418257215178,-2.4881784780568816e-07
595,951324561.4607,30807900,6.587489216462708,-2.6571126021128187e-07
596,951842961.4607,26455224,6.548931817490083,-2.9139263722045234e-07
597,952361361.4607,23926597,6.492986126842836,-3.325854210239748e-07
598,952879761.4607,20667454,6.409640272015814,-4.031649632326053e-07
599,953398161.4607,15976635,6.279662945184068,-5.35205915826008e-07
600,953916561.4607,12925117,6.060240117328085,-8.177053289315905e-07
601,954434961.4607,9622964,5.6296921840631855,-1.5924667968052662e-06
602,954953361.4607,4219526,4.411396798223303,-5.544921898130882e-06
603,955471761.4607,1279111,16.570067980080058,9.293187692520955e-05
604,955990161.4607,4885629,16.21199658175233,-5.743452741223006e-06
605,956508561.4607,7839780,15.554931199917158,-2.5753670957487328e-06
606,957026961.4607,8682174,15.149260536295296,-1.6611065407679326e-06
607,957545361.4607,10999653,14.85595298586844,-1.247288211500241e-06
608,958063761.4607,12966912,14.62517984629175,-1.0172340432016471e-06
609,958582161.4607,13062656,14.433882963571234,-8.734150154212068e-07
610,959100561.4607,14478769,14.269578373981469,-7.765466343048659e-07
611,959618961.4607,16206749,14.124757163894104,-7.079575807762799e-07
612,960137361.4607,15985069,13.994545592074068,-6.577226152467515e-07
613,960655761.4607,16629824,13.875585465020523,-6.201248044290591e-07
614,961174161.4607,18217771,13.765453213497057,-5.916675236792327e-07
615,961692561.4607,17910481,13.662322768682829,-5.701199905364932e-07
616,962210961.4607,17847638,13.564762350336837,-5.540163571574231e-07
617,962729361.4607,19239915,13.471605820711812,-5.423780192751389e-07
618,963247761.4607,18992472,13.381868331352626,-5.345597752647723e-07
619,963766161.4607,18310481,13.29468392482504,-5.301601031408817e-07
620,964284561.4607,19381430,13.241475378524854,-5.289593318020311e-07
621,964802961.4607,19264139,13.157258043284768,-5.308937493222463e-07
622,965321361.4607,18084854,13.073065478923514,-5.360792308645351e-07
623,965839761.4607,18688127,12.988064105907695,-5.448043765457855e-07
624,966358161.4607,18700621,12.901313464566773,-5.575748610977203e-07
625,966876561.4607,17157763,12.811701401153206,-5.751776883110991e-07
626,967394961.4607,17152030,12.717851086721309,-5.988111305768388e-07
627,967913361.4607,17216791,12.617980522200218,-6.303122563619408e-07
628,968431761.4607,15411967,12.509664522882515,-6.901068927298044e-07
629,968950161.4607,14679138,12.389525387584127,-7.301391878092263e-07
630,969468561.4607,14628790,12.252382982766951,-8.110406051185348e-07
631,969986961.4607,12573662,12.090042149432207,-9.298490013212315e-07
632,970505361.4607,10991788,11.88821576243889,-1.116259742191411e-06
633,971023761.4607,10512886,11.618987336876705,-1.4401920323109287e-06
634,971542161.4607,7932396,11.217233842471199,-2.1083608776130624e-06
635,972060561.4607,5146592,10.47460147669876,-4.049899677736015e-06
636,972578961.4607,3112629,7.8650196857601005,-2.1145288460183594e-05
637,973097361.4607,3463191,14.984051174699971,1.633513244038942e-05
638,973615761.4607,5032071,14.86575735789638,-4.615793657929022e-06
639,974134161.4607,6678833,14.656746060449246,-2.837203882435783e-06
640,974652561.4607,8591654,14.47095083057146,-2.221004032220536e-06
641,975170961.4607,8130201,14.297794718977212,-1.9749664050051404e-06
642,975689361.4607,8220423,14.124519445374025,-1.922934631077835e-06
643,976207761.4607,8952833,13.936343437376182,-2.036567460853112e-06
644,976726161.4607,7355026,13.707425303963422,-2.3869213997605214e-06
645,977244561.4607,5980280,13.379896574913317,-3.282634029881416e-06
646,977762961.4607,5148147,12.738948762366444,-6.445609572245636e-06
647,978281361.4607,554499,8.379345989843312,-8.758864883565747e-05
648,978799761.4607,2883611,14.568914901469993,1.1077297720503848e-05
649,979318161.4607,5179181,14.858816841194347,5.158124233610378e-06
650,979836561.4607,6133114,14.886878120146127,-4.217766145976591e-06
651,980354961.4607,4655484,14.815213697144019,-4.707052217939749e-06
652,980873361.4607,4289664,14.545164713279773,-8.103174142139617e-06
653,981391761.4607,837405,10.52568007073391,-0.00013645132713700078
654,981910161.4607,3342409,14.469617876991386,1.1386258805104611e-05
655,982428561.4607,4181968,15.101667215379674,6.210186684082454e-06
656,982946961.4607,5189953,15.348856206465834,6.3924684704768935e-06
657,983465361.4607,2706757,15.331074897306824,-1.3194712861659838e-05
658,983983761.4607,989165,11.550390638906766,6.604444046144696e-05
659,984502161.4607,3995340,15.24900278206649,1.0174568712148261e-05
660,985020561.4607,3735868,16.050009522001233,9.943169783282885e-06
661,985538961.4607,1423885,15.864905642835435,-5.0988442931381575e-05
662,986057361.4607,2718953,15.690129765562048,1.944026468896879e-05
663,986575761.4607,3066991,16.693448513680636,1.675966799745551e-05
664,987094161.4607,1322073,10.74038998255455,0.00013199158768165348
665,987612561.4607,3372812,15.869586220133707,1.15973906992205e-05
666,988130961.4607,3829297,16.051305229106624,-1.1451957609209727e-05
667,988649361.4607,897541,12.872204425951335,0.00013529276440432615
668,989167761.4607,2697958,14.377761004966235,1.2796920308810885e-05
669,989686161.4607,4937721,15.4461644638386,7.146616386329512e-06
670,990204561.4607,3537204,15.904239577390095,8.357020766705943e-06
671,990722961.4607,2186745,15.540994689970113,-3.4287014777964414e-05
672,991241361.4607,2930509,13.681556086979336,1.9355016810800182e-05
673,991759761.4607,3888854,15.751324351101173,9.19177263891425e-06
674,992278161.4607,2671694,16.656336562076287,1.3153760319368155e-05
675,992796561.4607,143754,5.393583561866413,0.00019909343829055027
676,993314961.4607,3834890,15.034259030816393,1.1541231970046077e-05
677,993833361.4607,3017626,16.253586812147944,9.53573131679207e-06
678,994351761.4607,2791599,16.641918945655767,-2.7214425083909706e-05
679,994870161.4607,2944468,13.761653636515279,2.4508220608614597e-05
680,995388561.4607,3132912,15.821059986780085,9.443879177395019e-06
681,995906961.4607,3562739,16.43997003526082,1.198064926773071e-05
682,996425361.4607,87894,8.55600473795381,-0.00025716915230378055
683,996943761.4607,2940374,15.41044382155547,1.2785057321207526e-05
684,997462161.4607,3621966,16.17785250325068,9.331304677201363e-06
685,997980561.4607,3010302,16.00033462523859,-2.098132939883311e-05
686,998498961.4607,2293204,14.241142122746979,3.377747948808249e-05
687,999017361.4607,3177738,16.00957940062447,9.789453984532488e-06
688,999535761.4607,4098646,16.128566716187287,-1.1023000024006455e-05
689,1000054161.4607,437218,12.250717525101063,-0.00010975499129706567
690,1000572561.4607,2322709,15.716301748445277,1.439620869011876e-05
691,1001090961.4607,4324185,16.156913637037942,9.197726158098638e-06
692,1001609361.4607,2620128,15.647275272308931,-1.717301679098591e-05
693,1002127761.4607,1359594,13.707268178615074,5.073216788735114e-05
694,1002646161.4607,3815120,16.037690110736833,1.0195555126588559e-05
695,1003164561.4607,3896297,16.121416526314242,-1.028527819366959e-05
696,1003682961.4607,1220930,13.925306989701935,-5.514894642448159e-05
697,1004201361.4607,2551706,15.532028834712285,1.6750550294871514e-05
698,1004719761.4607,4372872,16.183865602587733,9.200549682932077e-06
699,1005238161.4607,2309207,15.879479895522648,-1.471306193193049e-05
700,1005756561.4607,520500,12.437243779710208,9.779800338703292e-05
701,1006274961.4607,4109210,16.13644008581326,1.0925545855356368e-05
702,1006793361.4607,3247931,16.110388101303126,-9.855861639147216e-06
703,1007311761.4607,2177909,14.407466651143105,-3.564686669349973e-05
704,1007830161.4607,3029423,15.831716199176425,1.967371791529409e-05
705,1008348561.4607,3947004,16.118288047397627,-8.447206190268107e-06
706,1008866961.4607,3237512,15.648883888521972,-9.776337733353846e-06
707,1009385361.4607,1975839,12.209804443769107,-6.30122405588894e-05
708,1009903761.4607,3413182,15.867677480608055,1.5350923884950017e-05
709,1010422161.4607,3311328,16.089136227112633,-8.22561789312051e-06
710,1010940561.4607,3987767,15.628709061471689,-1.0861490373082243e-05
711,1011458961.4607,184812,8.275484724100235,-0.00018068373273780886
712,1011977361.4607,2586409,16.441291884932724,1.3432907779737207e-05
713,1012495761.4607,3968006,16.144326209250018,-9.23934949910658e-06
714,1013014161.4607,2889845,14.765350297916015,-1.900102625153503e-05
715,1013532561.4607,1910418,16.037144049456632,3.9797043333415386e-05
716,1014050961.4607,3435344,16.469535881685523,-9.933369290907725e-06
717,1014569361.4607,4082484,15.664479731195561,-1.063439568624377e-05
718,1015087761.4607,716262,10.771332980557414,-7.954928526514653e-05
719,1015606161.4607,2340272,16.589542897862735,1.5148089353002553e-05
720,1016124561.4607,4425224,16.224783310561097,-9.140209525192846e-06
721,1016642961.4607,2426968,14.913971655662534,-1.598104648223136e-05
722,1017161361.4607,909314,16.24221205433126,6.772368721226831e-05
723,1017679761.4607,3748119,16.91713874534707,-1.2568616293942627e-05
724,1018198161.4607,2458594,15.15359120116299,-1.857126181781902e-05
725,1018716561.4607,1061949,17.78139804939967,6.29354766427563e-05
726,1019234961.4607,3237911,16.977006215499458,-1.7196534985955648e-05
727,1019753361.4607,235898,6.355090101555616,-0.00016117027596372225
728,1020271761.4607,2233401,17.636213637752586,-1.5661735051913614e-05
729,1020790161.4607,3528348,15.475621112430154,-1.3533517669018738e-05
730,1021308561.4607,128880,3.3536754934495416,-0.0002074919177039524
731,1021826961.4607,2052079,17.808666261349988,-1.8473533911795137e-05
732,1022345361.4607,2491694,12.610558829557252,-3.346503134636055e-05
733,1022863761.4607,2883283,18.97787537695105,-2.5929407119504357e-05
734,1023382161.4607,2682722,16.027045463525294,-1.216103093265309e-05
735,1023900561.4607,2425075,10.365008398211677,-3.350401886736726e-05
736,1024418961.4607,2820822,19.319838803630983,-2.7084281712793274e-05
737,1024937361.4607,1983259,14.372849258353051,-1.9854426404784894e-05
738,1025455761.4607,544484,20.958272968406536,9.514609388581701e-05
739,1025974161.4607,3817301,16.950345153934478,-1.2893583277017858e-05
740,1026492561.4607,2231996,12.300462279019838,-1.7426933177762015e-05
741,1027010961.4607,683237,21.854112435809313,-8.10867708514839e-05
742,1027529361.4607,3386010,15.838276538426499,-1.709019167650909e-05
743,1028047761.4607,409054,1.021319690423158,-0.00011144459797759174
744,1028566161.4607,2138056,18.363605640102577,-1.644728822768121e-05
745,1029084561.4607,3766041,13.556992214083849,-1.2982004123079797e-05
746,1029602961.4607,316206,2.9669310046877255,0.00013121350115377305
747,1030121361.4607,1944778,17.868027782180608,-1.901385427508925e-05
748,1030639761.4607,2631553,10.498214756810727,-3.1386257449298554e-05
749,1031158161.4607,2669666,19.837023275000586,-3.1837471892958717e-05
750,1031676561.4607,1541958,13.323997459177514,-2.60881278992158e-05
751,1032194961.4607,1194382,20.62213469330496,-4.595265776676132e-05
752,1032713361.4607,2979914,14.757212179259042,-2.2274680410049775e-05
753,1033231761.4607,1694650,21.0699669610333,8.600026336283465e-05
754,1033750161.4607,2697037,16.750845926680544,-1.573878058950907e-05
755,1034268561.4607,2412069,8.429471921084513,-3.221862330455406e-05
756,1034786961.4607,2326980,20.51930824657031,-3.192058262693348e-05
757,1035305361.4607,2560929,15.148667846561922,-1.577721378876671e-05
758,1035823761.4607,1470143,1.6841053473589667,-8.915195471644025e-05
759,1036342161.4607,2180241,17.631051322449764,-2.7742489838402407e-05
760,1036860561.4607,1775527,3.8301074163978877,9.531725620295594e-05
761,1037378961.4607,2548065,19.372733941469882,-2.1695730967974604e-05
762,1037897361.4607,2579907,14.594353098945572,-2.1636233841377208e-05
763,1038415761.4607,1995931,11.26808490765748,7.063341212120603e-05
764,1038934161.4607,2502208,18.61885818748097,-1.611823306770715e-05
765,1039452561.4607,3453227,16.647778198148195,-1.5434772808721623e-05
766,1039970961.4607,1308214,4.889922071236978,-6.094775782997915e-05
767,1040489361.4607,1612197,17.816551256889678,2.4662884962897304e-05
768,1041007761.4607,2408877,17.803108425865336,-4.1810379541046074e-05
769,1041526161.4607,2559274,15.938070642232384,3.470002218929785e-05
770,1042044561.4607,1621497,18.863287414361334,-2.6749676751296557e-05
771,1042562961.4607,906403,4.823388713981471,5.4038330081466154e-05
772,1043081361.4607,3512248,16.393958507330066,1.5892915903895295e-05
773,1043599761.4607,1755396,19.503658096745415,2.2102208826691544e-05
774,1044118161.4607,1216995,2.245266567461052,-7.127395292266876e-05
775,1044636561.4607,3383627,15.696868233992085,1.658664769892505e-05
776,1045154961.4607,2100551,19.389483611022552,1.9865629317191095e-05
777,1045673361.4607,1640018,5.902993935599942,-8.82532622938828e-05
778,1046191761.4607,3000188,15.163978931054512,1.876235768953363e-05
779,1046710161.4607,2002990,20.221431173061127,2.693643942241857e-05
780,1047228561.4607,1673497,4.106315745905358,5.517252224011942e-05
781,1047746961.4607,2630056,17.7308259937836,2.3397190103307387e-05
782,1048265361.4607,870262,10.924837788242847,-0.0001416217117932667
783,1048783761.4607,1994318,15.336945123940225,2.2211735019670075e-05
784,1049302161.4607,1800631,22.714161027161733,-9.883943015410661e-05
785,1049820561.4607,3342499,10.374926728096264,1.732750514767537e-05
786,1050338961.4607,3345204,15.392886282865298,9.34297577764604e-06
787,1050857361.4607,3296909,18.486121710768487,1.2647952528961068e-05
788,1051375761.4607,670967,17.305882325470616,-0.00011764804427518415
789,1051894161.4607,3070073,11.892275411898781,1.6556137261713228e-05
790,1052412561.4607,2256222,18.409747870942102,1.78969155803018e-05
791,1052930961.4607,577672,6.1817030773589545,-0.00011448945201754413
792,1053449361.4607,3213267,14.05612662572404,1.6553467377270246e-05
793,1053967761.4607,1167489,23.376199444876768,6.235238466449502e-05
794,1054486161.4607,2457582,8.6192209463678,1.7934427437516613e-05
795,1055004561.4607,3778840,15.327570843389056,1.2423207134589137e-05
796,1055522961.4607,836988,24.32089017946341,7.082159358960369e-05
797,1056041361.4607,2037409,9.600375574739235,2.0429603266552026e-05
798,1056559761.4607,2791876,19.130097123076613,2.6980580633385328e-05
799,1057078161.4607,2491093,6.602112085330784,-3.1782744636142326e-05
800,1057596561.4607,2690316,12.40928244506264,1.1796621119763424e-05
801,1058114961.4607,2900357,19.902845505986765,2.5561802340362367e-05
802,1058633361.4607,2610541,6.858899291319821,3.220093927728595e-05
803,1059151761.4607,1925819,14.757795915442486,1.89909118594795e-05
804,1059670161.4607,290917,16.146215883016403,-0.00014145645846974528
805,1060188561.4607,3293621,11.302464185067741,1.7013131091089936e-05
806,1060706961.4607,911276,24.10372439516819,7.274785996856233e-05
807,1061225361.4607,2171805,8.305089710664449,2.059937668613699e-05
808,1061743761.4607,2769326,17.18846531826764,2.562324035319471e-05
809,1062262161.4607,2171098,9.104470196497994,-3.8771981987284665e-05
810,1062780561.4607,2337075,12.73600862473274,1.800783363913203e-05
811,1063298961.4607,111215,26.367890779974008,-0.00024259612738168775
812,1063817361.4607,2931532,9.529926235509649,1.7373181285008822e-05
813,1064335761.4607,1491893,20.885480372517936,5.1927831206122736e-05
814,1064854161.4607,2490817,9.00253909292124,-2.245281800296921e-05
815,1065372561.4607,2588728,14.074928141003197,2.297274044465821e-05
816,1065890961.4607,1661867,14.235365085242348,-4.902250886005465e-05
817,1066409361.4607,2807092,10.353189831840796,1.7341764967998792e-05
818,1066927761.4607,103437,30.6486211282447,0.0002649643848472972
819,1067446161.4607,2460552,9.235780063276222,-1.7671297845823005e-05
820,1067964561.4607,2055143,16.81984853691359,3.969394887502832e-05
821,1068482961.4607,2763358,11.202793586571923,-2.5061762214550542e-05
822,1069001361.4607,2221071,11.577333518569532,2.0644566376447865e-05
823,1069519761.4607,962249,18.50059482885226,-7.306214576593816e-05
824,1070038161.4607,2947840,9.638583103464695,2.2591799565658594e-05
825,1070556561.4607,1770272,21.43074074009965,-0.00010307463216517264
826,1071074961.4607,1728890,9.263204451280382,2.1868778609373994e-05
827,1071593361.4607,262229,25.20274014149894,-0.0001515731632679477
828,1072111761.4607,2937572,8.982847760410424,2.1233663113441156e-05
829,1072630161.4607,1379183,29.772426497006247,-0.0002540233162276384
830,1073148561.4607,2452591,8.96154797784114,-2.1137056752955892e-05
831,1073666961.4607,11182,30.93556450211412,-0.0001970222996528114
832,1074185361.4607,2521897,10.370706818305788,-1.7602305345580467e-05
833,1074703761.4607,1959506,14.009454102996656,4.231238015742774e-05
834,1075222161.4607,2728809,14.156363435036832,-2.4308248061775573e-05
835,1075740561.4607,2280189,9.31830914475117,2.1275415385922526e-05
836,1076258961.4607,1114621,21.196272802364412,-6.566306475771296e-05
837,1076777361.4607,2869464,8.590696160633838,-2.2954019052442174e-05
838,1077295761.4607,1800528,23.804190835730633,-9.373291858989103e-05
839,1077814161.4607,1707286,8.862001786153948,-2.209287252359923e-05
840,1078332561.4607,327814,26.696526265680575,-0.00013434560478384707
841,1078850961.4607,3007371,9.571758695752688,-2.1543106706717413e-05
842,1079369361.4607,1434154,29.394284985257105,-0.00021985551729512376
843,1079887761.4607,2267001,10.231990837914049,-2.1250072439056867e-05
844,1080406161.4607,22409,29.002953843137192,0.00029896157914717546
845,1080924561.4607,2639042,12.462856578652033,-1.7556553188348586e-05
846,1081442961.4607,1837428,9.821470242682771,4.362902827896753e-05
847,1081961361.4607,2683755,16.5588765441915,-2.401672785929339e-05
848,1082479761.4607,2358655,8.248346993028242,-2.133707022960123e-05
849,1082998161.4607,1164230,23.039636013182257,-6.227214947122197e-05
850,1083516561.4607,3157361,10.666800559613959,-1.7060515310611882e-05
851,1084034961.4607,197333,20.315775109126285,0.00018127654114726065
852,1084553361.4607,1992315,13.577421844795099,-1.8556826961389804e-05
853,1085071761.4607,2526103,8.351553673252456,3.295895613533819e-05
854,1085590161.4607,2731059,17.473544067478176,-2.950270571800109e-05
855,1086108561.4607,1888258,8.75216130866087,-1.9242080562536578e-05
856,1086626961.4607,342240,26.527165796822647,-0.0001254629868308643
857,1087145361.4607,3334974,10.648405204386489,-1.701165396454911e-05
858,1087663761.4607,796612,15.447741175798095,7.952143860890787e-05
859,1088182161.4607,2141002,13.43005107199319,-2.0501153628340937e-05
860,1088700561.4607,2778589,9.265432864872388,2.5620091522600993e-05
861,1089218961.4607,2106794,18.609239318192788,-3.905065236152294e-05
862,1089737361.4607,2408925,9.207216332228104,-1.761670370751593e-05
863,1090255761.4607,20043,30.094280191578687,-0.00028739273704052516
864,1090774161.4607,2380582,9.652162365372206,-2.3965238161663857e-05
865,1091292561.4607,1101544,28.1151874707859,-0.0001724204012457002
866,1091810961.4607,2791525,9.05160179506921,-2.4679735649026327e-05
867,1092329361.4607,1731586,25.100960608305233,-0.0001051463120292538
868,1092847761.4607,1552794,8.517012935584956,-2.5623573706301678e-05
869,1093366161.4607,870859,22.800679335234445,-7.402396137350811e-05
870,1093884561.4607,2599560,8.0580018639036,-2.7213672595862806e-05
